Level,Color,Gender,Skill,Skill Variant,Weight (kg),Body Weight %,Duration,Reps
1,WHITE,BOTH,CRAWL,BIRD DOG,,,,1
2,BLUE,BOTH,CRAWL,BABY CRAWL,,,0:00:30,1
3,YELLOW,BOTH,CRAWL,FULL CRAWL,,,0:00:30,1
4,GREEN,BOTH,CRAWL,FULL CRAWL,,,0:00:45,1
5,RED,BOTH,CRAWL,FULL CRAWL*,,,0:00:15,1
6,LIGHT BLUE,BOTH,CRAWL,FULL CRAWL*,,,0:00:30,1
7,ORANGE,BOTH,CRAWL,FULL CRAWL*,,,0:00:40,1
8,BRIGHT PINK,BOTH,CRAWL,FULL CRAWL*,,,0:00:50,1
9,BRIGHT GREEN,BOTH,CRAWL,FULL CRAWL*,,,0:01:00,1
10,PURPLE,BOTH,CRAWL,FULL CRAWL*,,,0:01:15,1
11,GOLD,BOTH,CRAWL,FULL CRAWL*,,,0:01:30,1
12,PINK,BOTH,CRAWL,FULL CRAWL*,,,0:02:00,1
13,EGGSHELL,BOTH,CRAWL,FULL CRAWL*,,,0:04:00,1
14,MAROON,BOTH,CRAWL,FULL CRAWL*,,,0:05:00,1
15,GREY,BOTH,CRAWL,FULL CRAWL*,,,0:07:00,1
16,BROWN,BOTH,CRAWL,FULL CRAWL*,,,0:09:00,1
17,SILVER,BOTH,CRAWL,FULL CRAWL*,,,0:11:00,1
18,BURNT ORANGE,BOTH,CRAWL,FULL CRAWL*,,,0:13:00,1
19,LIGHT PURPLE,BOTH,CRAWL,FULL CRAWL*,,,0:15:00,1
20,BLACK,BOTH,CRAWL,FULL CRAWL*,,,0:17:00,1
1,WHITE,BOTH,DEAD HANG,DEAD HANG,,,0:00:05,1
2,BLUE,BOTH,DEAD HANG,DEAD HANG,,,0:00:10,1
3,YELLOW,BOTH,DEAD HANG,DEAD HANG,,,0:00:15,1
4,GREEN,BOTH,DEAD HANG,DEAD HANG,,,0:00:20,1
5,RED,BOTH,DEAD HANG,DEAD HANG,,,0:00:25,1
6,LIGHT BLUE,BOTH,DEAD HANG,DEAD HANG,,,0:00:30,1
7,ORANGE,BOTH,DEAD HANG,DEAD HANG,,,0:00:35,1
8,BRIGHT PINK,BOTH,DEAD HANG,DEAD HANG,,,0:00:45,1
9,BRIGHT GREEN,BOTH,DEAD HANG,DEAD HANG,,,0:01:00,1
10,PURPLE,BOTH,DEAD HANG,DEAD HANG,,,0:01:15,1
11,GOLD,BOTH,DEAD HANG,DEAD HANG,,,0:01:30,1
12,PINK,BOTH,DEAD HANG,DEAD HANG,,,0:01:45,1
13,EGGSHELL,BOTH,DEAD HANG,DEAD HANG,,,0:02:00,1
14,MAROON,BOTH,DEAD HANG,DEAD HANG,,,0:02:15,1
15,GREY,BOTH,DEAD HANG,DEAD HANG,,,0:02:30,1
16,BROWN,BOTH,DEAD HANG,DEAD HANG,,,0:02:45,1
17,SILVER,BOTH,DEAD HANG,DEAD HANG,,,0:03:00,1
18,BURNT ORANGE,BOTH,DEAD HANG,DEAD HANG,,,0:03:45,1
19,LIGHT PURPLE,BOTH,DEAD HANG,DEAD HANG,,,0:04:15,1
20,BLACK,BOTH,DEAD HANG,DEAD HANG,,,0:05:00,1
1,WHITE,LADIES,DEADLIFT,DEADLIFT,,10%,,10
2,BLUE,LADIES,DEADLIFT,DEADLIFT,,20%,,10
3,YELLOW,LADIES,DEADLIFT,DEADLIFT,,30%,,10
4,GREEN,LADIES,DEADLIFT,DEADLIFT,,40%,,10
5,RED,LADIES,DEADLIFT,DEADLIFT,,50%,,5
6,LIGHT BLUE,LADIES,DEADLIFT,DEADLIFT,,75%,,3
7,ORANGE,LADIES,DEADLIFT,DEADLIFT,,75%,,5
8,BRIGHT PINK,LADIES,DEADLIFT,DEADLIFT,,100%,,1
9,BRIGHT GREEN,LADIES,DEADLIFT,DEADLIFT,,100%,,3
10,PURPLE,LADIES,DEADLIFT,DEADLIFT,,110%,,3
11,GOLD,LADIES,DEADLIFT,DEADLIFT,,125%,,3
12,PINK,LADIES,DEADLIFT,DEADLIFT,,140%,,3
13,EGGSHELL,LADIES,DEADLIFT,DEADLIFT,,155%,,2
14,MAROON,LADIES,DEADLIFT,DEADLIFT,,175%,,1
15,GREY,LADIES,DEADLIFT,DEADLIFT,,195%,,1
16,BROWN,LADIES,DEADLIFT,DEADLIFT,,210%,,1
17,SILVER,LADIES,DEADLIFT,DEADLIFT,,225%,,1
18,BURNT ORANGE,LADIES,DEADLIFT,DEADLIFT,,250%,,1
19,LIGHT PURPLE,LADIES,DEADLIFT,DEADLIFT,,275%,,1
20,BLACK,LADIES,DEADLIFT,DEADLIFT,,300%,,1
1,WHITE,MEN,DEADLIFT,DEADLIFT,,10%,,10
2,BLUE,MEN,DEADLIFT,DEADLIFT,,30%,,10
3,YELLOW,MEN,DEADLIFT,DEADLIFT,,50%,,10
4,GREEN,MEN,DEADLIFT,DEADLIFT,,75%,,5
5,RED,MEN,DEADLIFT,DEADLIFT,,100%,,1
6,LIGHT BLUE,MEN,DEADLIFT,DEADLIFT,,100%,,3
7,ORANGE,MEN,DEADLIFT,DEADLIFT,,100%,,5
8,BRIGHT PINK,MEN,DEADLIFT,DEADLIFT,,125%,,1
9,BRIGHT GREEN,MEN,DEADLIFT,DEADLIFT,,125%,,3
10,PURPLE,MEN,DEADLIFT,DEADLIFT,,125%,,5
11,GOLD,MEN,DEADLIFT,DEADLIFT,,150%,,3
12,PINK,MEN,DEADLIFT,DEADLIFT,,165%,,1
13,EGGSHELL,MEN,DEADLIFT,DEADLIFT,,180%,,1
14,MAROON,MEN,DEADLIFT,DEADLIFT,,190%,,1
15,GREY,MEN,DEADLIFT,DEADLIFT,,200%,,1
16,BROWN,MEN,DEADLIFT,DEADLIFT,,225%,,1
17,SILVER,MEN,DEADLIFT,DEADLIFT,,250%,,1
18,BURNT ORANGE,MEN,DEADLIFT,DEADLIFT,,275%,,1
19,LIGHT PURPLE,MEN,DEADLIFT,DEADLIFT,,300%,,1
20,BLACK,MEN,DEADLIFT,DEADLIFT,,350%,,1
1,WHITE,LADIES,GETUP,SHOE GETUP DOWN,,,,1
2,BLUE,LADIES,GETUP,SHOE GETUP,,,,1
3,YELLOW,LADIES,GETUP,GETUP,4 kg,,,1
4,GREEN,LADIES,GETUP,GETUP,6 kg,,,1
5,RED,LADIES,GETUP,GETUP,8 kg,,,1
6,LIGHT BLUE,LADIES,GETUP,GETUP,10 kg,,,1
7,ORANGE,LADIES,GETUP,GETUP,12 kg,,,1
8,BRIGHT PINK,LADIES,GETUP,GETUP,14 kg,,,1
9,BRIGHT GREEN,LADIES,GETUP,GETUP,16 kg,,,1
10,PURPLE,LADIES,GETUP,GETUP,18 kg,,,1
11,GOLD,LADIES,GETUP,GETUP,20 kg,,,1
12,PINK,LADIES,GETUP,GETUP,22 kg,,,1
13,EGGSHELL,LADIES,GETUP,GETUP,24 kg,,,1
14,MAROON,LADIES,GETUP,GETUP,26 kg,,,1
15,GREY,LADIES,GETUP,GETUP,28 kg,,,1
16,BROWN,LADIES,GETUP,GETUP,32 kg,,,1
17,SILVER,LADIES,GETUP,GETUP,36 kg,,,1
18,BURNT ORANGE,LADIES,GETUP,GETUP,40 kg,,,1
19,LIGHT PURPLE,LADIES,GETUP,GETUP,44 kg,,,1
20,BLACK,LADIES,GETUP,GETUP,48 kg,,,1
1,WHITE,MEN,GETUP,SHOE GETUP DOWN,,,,1
2,BLUE,MEN,GETUP,SHOE GETUP,,,,1
3,YELLOW,MEN,GETUP,GETUP,8 kg,,,1
4,GREEN,MEN,GETUP,GETUP,10 kg,,,1
5,RED,MEN,GETUP,GETUP,12 kg,,,1
6,LIGHT BLUE,MEN,GETUP,GETUP,16 kg,,,1
7,ORANGE,MEN,GETUP,GETUP,18 kg,,,1
8,BRIGHT PINK,MEN,GETUP,GETUP,20 kg,,,1
9,BRIGHT GREEN,MEN,GETUP,GETUP,22 kg,,,1
10,PURPLE,MEN,GETUP,GETUP,24 kg,,,1
11,GOLD,MEN,GETUP,GETUP,28 kg,,,1
12,PINK,MEN,GETUP,GETUP,32 kg,,,1
13,EGGSHELL,MEN,GETUP,GETUP,36 kg,,,1
14,MAROON,MEN,GETUP,GETUP,40 kg,,,1
15,GREY,MEN,GETUP,GETUP,44 kg,,,1
16,BROWN,MEN,GETUP,GETUP,48 kg,,,1
17,SILVER,MEN,GETUP,GETUP,52 kg,,,1
18,BURNT ORANGE,MEN,GETUP,GETUP,56 kg,,,1
19,LIGHT PURPLE,MEN,GETUP,GETUP,60 kg,,,1
20,BLACK,MEN,GETUP,GETUP,64 kg,,,1
1,WHITE,LADIES,PISTOL,REAR LUNGE,,,,5
2,BLUE,LADIES,PISTOL,REAR LUNGE,,,,10
3,YELLOW,LADIES,PISTOL,FORWARD FEET ELEVATED REAR LUNGE,,,,5
4,GREEN,LADIES,PISTOL,FFERL,,,,10
5,RED,LADIES,PISTOL,DEFICIT SPLIT SQUAT,,,,10
6,LIGHT BLUE,LADIES,PISTOL,NARROW STANCE HEEL ELEVATED SQUAT,,,,5
7,ORANGE,LADIES,PISTOL,NARROW STANCE SQUAT,,,,5
8,BRIGHT PINK,LADIES,PISTOL,2 PLATE FORWARD HEEL TAP,,,,5
9,BRIGHT GREEN,LADIES,PISTOL,NO TOE TOUCH REAR LUNGE,,,,3
10,PURPLE,LADIES,PISTOL,SQUAT DOWN TO PISTOL UP,,,,1
11,GOLD,LADIES,PISTOL,PISTOL,,,,1
12,PINK,LADIES,PISTOL,PISTOL,8 kg,,,1
13,EGGSHELL,LADIES,PISTOL,PISTOL,12 kg,,,1
14,MAROON,LADIES,PISTOL,PISTOL,16 kg,,,1
15,GREY,LADIES,PISTOL,PISTOL,20 kg,,,1
16,BROWN,LADIES,PISTOL,PISTOL,24 kg,,,1
17,SILVER,LADIES,PISTOL,PISTOL,28 kg,,,1
18,BURNT ORANGE,LADIES,PISTOL,PISTOL,32 kg,,,1
19,LIGHT PURPLE,LADIES,PISTOL,PISTOL,36 kg,,,1
20,BLACK,LADIES,PISTOL,PISTOL,40 kg,,,1
1,WHITE,MEN,PISTOL,REAR LUNGE,,,,5
2,BLUE,MEN,PISTOL,REAR LUNGE,,,,10
3,YELLOW,MEN,PISTOL,FORWARD FEET ELEVATED REAR LUNGE,,,,5
4,GREEN,MEN,PISTOL,FFERL,,,,10
5,RED,MEN,PISTOL,DEFICIT SPLIT SQUAT,,,,10
6,LIGHT BLUE,MEN,PISTOL,NARROW STANCE HEEL ELEVATED SQUAT,,,,5
7,ORANGE,MEN,PISTOL,NARROW STANCE SQUAT,,,,5
8,BRIGHT PINK,MEN,PISTOL,2 PLATE FORWARD HEEL TAP,,,,5
9,BRIGHT GREEN,MEN,PISTOL,NO TOE TOUCH REAR LUNGE,,,,3
10,PURPLE,MEN,PISTOL,SQUAT DOWN TO PISTOL UP,,,,1
11,GOLD,MEN,PISTOL,PISTOL,,,,1
12,PINK,MEN,PISTOL,PISTOL,12 kg,,,1
13,EGGSHELL,MEN,PISTOL,PISTOL,16 kg,,,1
14,MAROON,MEN,PISTOL,PISTOL,20 kg,,,1
15,GREY,MEN,PISTOL,PISTOL,24 kg,,,1
16,BROWN,MEN,PISTOL,PISTOL,28 kg,,,1
17,SILVER,MEN,PISTOL,PISTOL,32 kg,,,1
18,BURNT ORANGE,MEN,PISTOL,PISTOL,36 kg,,,1
19,LIGHT PURPLE,MEN,PISTOL,PISTOL,40 kg,,,1
20,BLACK,MEN,PISTOL,PISTOL,48 kg,,,1
1,WHITE,BOTH,PLANK,PLANK,,,0:00:10,1
2,BLUE,BOTH,PLANK,PLANK,,,0:00:15,1
3,YELLOW,BOTH,PLANK,PLANK,,,0:00:30,1
4,GREEN,BOTH,PLANK,PLANK,,,0:00:45,1
5,RED,BOTH,PLANK,PLANK,,,0:01:00,1
6,LIGHT BLUE,BOTH,PLANK,PLANK,,,0:01:15,1
7,ORANGE,BOTH,PLANK,PLANK,,,0:01:30,1
8,BRIGHT PINK,BOTH,PLANK,PLANK,,,0:01:45,1
9,BRIGHT GREEN,BOTH,PLANK,PLANK,,,0:02:00,1
10,PURPLE,BOTH,PLANK,PLANK,,,0:02:15,1
11,GOLD,BOTH,PLANK,PLANK,,,0:02:30,1
12,PINK,BOTH,PLANK,PLANK,,,0:02:45,1
13,EGGSHELL,BOTH,PLANK,PLANK,,,0:03:00,1
14,MAROON,BOTH,PLANK,PLANK,,,0:03:15,1
15,GREY,BOTH,PLANK,PLANK,,,0:03:30,1
16,BROWN,BOTH,PLANK,PLANK,,,0:03:45,1
17,SILVER,BOTH,PLANK,PLANK,,,0:04:00,1
18,BURNT ORANGE,BOTH,PLANK,PLANK,,,0:05:00,1
19,LIGHT PURPLE,BOTH,PLANK,PLANK,,,0:06:00,1
20,BLACK,BOTH,PLANK,PLANK,,,0:07:00,1
1,WHITE,LADIES,PRESS,SHOE PRESS,,,,5
2,BLUE,LADIES,PRESS,PRESS,4 kg,,,5
3,YELLOW,LADIES,PRESS,PRESS,6 kg,,,5
4,GREEN,LADIES,PRESS,PRESS,8 kg,,,1
5,RED,LADIES,PRESS,PRESS,8 kg,,,5
6,LIGHT BLUE,LADIES,PRESS,PRESS,10 kg,,,1
7,ORANGE,LADIES,PRESS,PRESS,12 kg,,,1
8,BRIGHT PINK,LADIES,PRESS,PRESS,14 kg,,,1
9,BRIGHT GREEN,LADIES,PRESS,PRESS,16 kg,,,1
10,PURPLE,LADIES,PRESS,PRESS,16 kg,,,3
11,GOLD,LADIES,PRESS,PRESS,16 kg,,,5
12,PINK,LADIES,PRESS,PRESS,18 kg,,,1
13,EGGSHELL,LADIES,PRESS,PRESS,20 kg,,,1
14,MAROON,LADIES,PRESS,PRESS,20 kg,,,2
15,GREY,LADIES,PRESS,PRESS,22 kg,,,1
16,BROWN,LADIES,PRESS,PRESS,22 kg,,,2
17,SILVER,LADIES,PRESS,PRESS,24 kg,,,1
18,BURNT ORANGE,LADIES,PRESS,PRESS,28 kg,,,1
19,LIGHT PURPLE,LADIES,PRESS,PRESS,32 kg,,,1
20,BLACK,LADIES,PRESS,PRESS,36 kg,,,1
1,WHITE,MEN,PRESS,SHOE PRESS,,,,5
2,BLUE,MEN,PRESS,PRESS,12 kg,,,1
3,YELLOW,MEN,PRESS,PRESS,12 kg,,,5
4,GREEN,MEN,PRESS,PRESS,14 kg,,,5
5,RED,MEN,PRESS,PRESS,16 kg,,,1
6,LIGHT BLUE,MEN,PRESS,PRESS,16 kg,,,5
7,ORANGE,MEN,PRESS,PRESS,20 kg,,,1
8,BRIGHT PINK,MEN,PRESS,PRESS,20 kg,,,5
9,BRIGHT GREEN,MEN,PRESS,PRESS,24 kg,,,1
10,PURPLE,MEN,PRESS,PRESS,24 kg,,,3
11,GOLD,MEN,PRESS,PRESS,24 kg,,,5
12,PINK,MEN,PRESS,PRESS,28 kg,,,1
13,EGGSHELL,MEN,PRESS,PRESS,28 kg,,,3
14,MAROON,MEN,PRESS,PRESS,32 kg,,,1
15,GREY,MEN,PRESS,PRESS,36 kg,,,1
16,BROWN,MEN,PRESS,PRESS,40 kg,,,1
17,SILVER,MEN,PRESS,PRESS,44 kg,,,1
18,BURNT ORANGE,MEN,PRESS,PRESS,48 kg,,,1
19,LIGHT PURPLE,MEN,PRESS,PRESS,52 kg,,,1
20,BLACK,MEN,PRESS,PRESS,60 kg,,,1
1,WHITE,LADIES,PULLUP,RING ROW,,,,10
2,BLUE,LADIES,PULLUP,DEAD HANG,,,0:00:10,1
3,YELLOW,LADIES,PULLUP,HOLLOW HANG,,,0:00:10,1
4,GREEN,LADIES,PULLUP,INVERTED ROW,,,,5
5,RED,LADIES,PULLUP,INVERTED ROW,,,,10
6,LIGHT BLUE,LADIES,PULLUP,ABOVE BAR HOLD,,,0:00:05,1
7,ORANGE,LADIES,PULLUP,ABOVE BAR HOLD,,,0:00:15,1
8,BRIGHT PINK,LADIES,PULLUP,NEGATIVE,,,0:00:04,1
9,BRIGHT GREEN,LADIES,PULLUP,NEGATIVE,,25%,0:00:04,1
10,PURPLE,LADIES,PULLUP,ORANGE BAND CHINUP,,,,1
11,GOLD,LADIES,PULLUP,CHINUP,,,,1
12,PINK,LADIES,PULLUP,CHINUP,,,,3
13,EGGSHELL,LADIES,PULLUP,PULLUP,,,,1
14,MAROON,LADIES,PULLUP,PULLUP,,,,3
15,GREY,LADIES,PULLUP,PULLUP,,,,5
16,BROWN,LADIES,PULLUP,PULLUP,,,,7
17,SILVER,LADIES,PULLUP,PULLUP,,,,10
18,BURNT ORANGE,LADIES,PULLUP,PULLUP,16 kg,,,1
19,LIGHT PURPLE,LADIES,PULLUP,PULLUP,20 kg,,,1
20,BLACK,LADIES,PULLUP,PULLUP,24 kg,,,1
1,WHITE,MEN,PULLUP,RING ROW,,,,10
2,BLUE,MEN,PULLUP,DEAD HANG,,,0:00:10,1
3,YELLOW,MEN,PULLUP,HOLLOW HANG,,,0:00:10,1
4,GREEN,MEN,PULLUP,INVERTED ROW,,,,5
5,RED,MEN,PULLUP,INVERTED ROW,,,,10
6,LIGHT BLUE,MEN,PULLUP,ABOVE BAR HOLD,,,0:00:05,1
7,ORANGE,MEN,PULLUP,ABOVE BAR HOLD,,,0:00:15,1
8,BRIGHT PINK,MEN,PULLUP,ORANGE BAND CHINUP,,,,1
9,BRIGHT GREEN,MEN,PULLUP,CHINUP,,,,1
10,PURPLE,MEN,PULLUP,CHINUP,,,,3
11,GOLD,MEN,PULLUP,PULLUP,,,,1
12,PINK,MEN,PULLUP,PULLUP,,,,3
13,EGGSHELL,MEN,PULLUP,PULLUP,,,,5
14,MAROON,MEN,PULLUP,PULLUP,,,,7
15,GREY,MEN,PULLUP,PULLUP,,,,10
16,BROWN,MEN,PULLUP,PULLUP,,,,13
17,SILVER,MEN,PULLUP,PULLUP,,,,15
18,BURNT ORANGE,MEN,PULLUP,PULLUP,24 kg,,,1
19,LIGHT PURPLE,MEN,PULLUP,PULLUP,32 kg,,,1
20,BLACK,MEN,PULLUP,PULLUP,48 kg,,,1
1,WHITE,LADIES,PUSHUP,CHEST HEIGHT PUSHUP,,,,10
2,BLUE,LADIES,PUSHUP,HIP HEIGHT PUSHUP,,,,1
3,YELLOW,LADIES,PUSHUP,HIP HEIGHT PUSHUP,,,,5
4,GREEN,LADIES,PUSHUP,BENCH PUSHUP,,,,1
5,RED,LADIES,PUSHUP,BENCH PUSHUP,,,,3
6,LIGHT BLUE,LADIES,PUSHUP,BENCH PUSHUP,,,,5
7,ORANGE,LADIES,PUSHUP,PUSHUP FROM 2 RISERS,,,,1
8,BRIGHT PINK,LADIES,PUSHUP,PUSHUP,,,,1
9,BRIGHT GREEN,LADIES,PUSHUP,PUSHUP,,,,3
10,PURPLE,LADIES,PUSHUP,PUSHUP,,,,5
11,GOLD,LADIES,PUSHUP,PUSHUP,,,,10
12,PINK,LADIES,PUSHUP,PUSHUP,,,,15
13,EGGSHELL,LADIES,PUSHUP,PUSHUP,,,,20
14,MAROON,LADIES,PUSHUP,OAPU HIP HEIGHT,,,,1
15,GREY,LADIES,PUSHUP,OAPU 2 RISERS,,,,1
16,BROWN,LADIES,PUSHUP,OAPU,,,,1
17,SILVER,LADIES,PUSHUP,OAOLPU HIP HEIGHT,,,,1
18,BURNT ORANGE,LADIES,PUSHUP,OAOLPU BENCH,,,,1
19,LIGHT PURPLE,LADIES,PUSHUP,OAOLPU 2 RISERS,,,,1
20,BLACK,LADIES,PUSHUP,OAOLPU,,,,1
1,WHITE,MEN,PUSHUP,CHEST HEIGHT PUSHUP,,,,10
2,BLUE,MEN,PUSHUP,HIP HEIGHT PUSHUP,,,,10
3,YELLOW,MEN,PUSHUP,PUSHUP,,,,1
4,GREEN,MEN,PUSHUP,PUSHUP,,,,3
5,RED,MEN,PUSHUP,PUSHUP,,,,5
6,LIGHT BLUE,MEN,PUSHUP,PUSHUP,,,,7
7,ORANGE,MEN,PUSHUP,PUSHUP,,,,10
8,BRIGHT PINK,MEN,PUSHUP,PUSHUP,,,,15
9,BRIGHT GREEN,MEN,PUSHUP,PUSHUP,,,,20
10,PURPLE,MEN,PUSHUP,PUSHUP,,,,25
11,GOLD,MEN,PUSHUP,PUSHUP,,,,30
12,PINK,MEN,PUSHUP,OAPU BENCH,,,,1
13,EGGSHELL,MEN,PUSHUP,OAPU NEGATIVE,,,,1
14,MAROON,MEN,PUSHUP,OAPU,,,,1
15,GREY,MEN,PUSHUP,OAOLPU NEGATIVE,,,,1
16,BROWN,MEN,PUSHUP,OAOLPU,,,,1
17,SILVER,MEN,PUSHUP,OAOLPU,,13%,,1
18,BURNT ORANGE,MEN,PUSHUP,OAOLPU,,25%,,1
19,LIGHT PURPLE,MEN,PUSHUP,OAOLPU,,50%,,1
20,BLACK,MEN,PUSHUP,OAOLPU,,101%,,1
1,WHITE,BOTH,RFEDSS,REAR LUNGE,,,,5
2,BLUE,BOTH,RFEDSS,REAR LUNGE,,,,10
3,YELLOW,BOTH,RFEDSS,FORWARD FEET ELEVATED REAR LUNGE,,,,5
4,GREEN,BOTH,RFEDSS,FFERL,,,,10
5,RED,BOTH,RFEDSS,DEFICIT SPLIT SQUAT,,,,10
6,LIGHT BLUE,BOTH,RFEDSS,RFEDSS,,10%,,5
7,ORANGE,BOTH,RFEDSS,RFEDSS,,15%,,5
8,BRIGHT PINK,BOTH,RFEDSS,RFEDSS,,20%,,5
9,BRIGHT GREEN,BOTH,RFEDSS,RFEDSS,,30%,,5
10,PURPLE,BOTH,RFEDSS,RFEDSS,,40%,,5
11,GOLD,BOTH,RFEDSS,RFEDSS,,50%,,5
12,PINK,BOTH,RFEDSS,RFEDSS,,60%,,5
13,EGGSHELL,BOTH,RFEDSS,RFEDSS,,70%,,5
14,MAROON,BOTH,RFEDSS,RFEDSS,,80%,,5
15,GREY,BOTH,RFEDSS,RFEDSS,,85%,,5
16,BROWN,BOTH,RFEDSS,RFEDSS,,90%,,5
17,SILVER,BOTH,RFEDSS,RFEDSS,,95%,,5
18,BURNT ORANGE,BOTH,RFEDSS,RFEDSS,,100%,,5
19,LIGHT PURPLE,BOTH,RFEDSS,RFEDSS,,105%,,5
20,BLACK,BOTH,RFEDSS,RFEDSS,,113%,,5
1,WHITE,BOTH,SINGLE SIDE CARRY MARCH,SINGLE SIDE CARRY MARCH,,10%,,1
2,BLUE,BOTH,SINGLE SIDE CARRY MARCH,SINGLE SIDE CARRY MARCH,,15%,,1
3,YELLOW,BOTH,SINGLE SIDE CARRY MARCH,SINGLE SIDE CARRY MARCH,,20%,,1
4,GREEN,BOTH,SINGLE SIDE CARRY MARCH,SINGLE SIDE CARRY MARCH,,25%,,1
5,RED,BOTH,SINGLE SIDE CARRY MARCH,SINGLE SIDE CARRY MARCH,,30%,,1
6,LIGHT BLUE,BOTH,SINGLE SIDE CARRY MARCH,SINGLE SIDE CARRY MARCH,,35%,,1
7,ORANGE,BOTH,SINGLE SIDE CARRY MARCH,SINGLE SIDE CARRY MARCH,,40%,,1
8,BRIGHT PINK,BOTH,SINGLE SIDE CARRY MARCH,SINGLE SIDE CARRY MARCH,,45%,,1
9,BRIGHT GREEN,BOTH,SINGLE SIDE CARRY MARCH,SINGLE SIDE CARRY MARCH,,50%,,1
10,PURPLE,BOTH,SINGLE SIDE CARRY MARCH,SINGLE SIDE CARRY MARCH,,55%,,1
11,GOLD,BOTH,SINGLE SIDE CARRY MARCH,SINGLE SIDE CARRY MARCH,,60%,,1
12,PINK,BOTH,SINGLE SIDE CARRY MARCH,SINGLE SIDE CARRY MARCH,,70%,,1
13,EGGSHELL,BOTH,SINGLE SIDE CARRY MARCH,SINGLE SIDE CARRY MARCH,,80%,,1
14,MAROON,BOTH,SINGLE SIDE CARRY MARCH,SINGLE SIDE CARRY MARCH,,90%,,1
15,GREY,BOTH,SINGLE SIDE CARRY MARCH,SINGLE SIDE CARRY MARCH,,100%,,1
16,BROWN,BOTH,SINGLE SIDE CARRY MARCH,SINGLE SIDE CARRY MARCH,,110%,,1
17,SILVER,BOTH,SINGLE SIDE CARRY MARCH,SINGLE SIDE CARRY MARCH,,120%,,1
18,BURNT ORANGE,BOTH,SINGLE SIDE CARRY MARCH,SINGLE SIDE CARRY MARCH,,130%,,1
19,LIGHT PURPLE,BOTH,SINGLE SIDE CARRY MARCH,SINGLE SIDE CARRY MARCH,,140%,,1
20,BLACK,BOTH,SINGLE SIDE CARRY MARCH,SINGLE SIDE CARRY MARCH,,150%,,1
1,WHITE,LADIES,SQUAT,POLE SQUAT,,,,10
2,BLUE,LADIES,SQUAT,SQUAT,4 kg,,,5
3,YELLOW,LADIES,SQUAT,SQUAT,6 kg,,,5
4,GREEN,LADIES,SQUAT,SQUAT,8 kg,,,5
5,RED,LADIES,SQUAT,SQUAT,10 kg,,,5
6,LIGHT BLUE,LADIES,SQUAT,SQUAT,12 kg,,,3
7,ORANGE,LADIES,SQUAT,SQUAT,12 kg,,,5
8,BRIGHT PINK,LADIES,SQUAT,SQUAT,16 kg,,,3
9,BRIGHT GREEN,LADIES,SQUAT,SQUAT,16 kg,,,5
10,PURPLE,LADIES,SQUAT,SQUAT,18 kg,,,5
11,GOLD,LADIES,SQUAT,SQUAT,20 kg,,,5
12,PINK,LADIES,SQUAT,SQUAT,22 kg,,,5
13,EGGSHELL,LADIES,SQUAT,SQUAT,24 kg,,,3
14,MAROON,LADIES,SQUAT,SQUAT,24 kg,,,5
15,GREY,LADIES,SQUAT,SQUAT,28 kg,,,3
16,BROWN,LADIES,SQUAT,SQUAT,28 kg,,,5
17,SILVER,LADIES,SQUAT,SQUAT,32 kg,,,3
18,BURNT ORANGE,LADIES,SQUAT,SQUAT,32 kg,,,5
19,LIGHT PURPLE,LADIES,SQUAT,SQUAT,36 kg,,,5
20,BLACK,LADIES,SQUAT,SQUAT,40 kg,,,3
1,WHITE,MEN,SQUAT,POLE SQUAT,,,,10
2,BLUE,MEN,SQUAT,SQUAT,6 kg,,,5
3,YELLOW,MEN,SQUAT,SQUAT,8 kg,,,5
4,GREEN,MEN,SQUAT,SQUAT,10 kg,,,5
5,RED,MEN,SQUAT,SQUAT,12 kg,,,5
6,LIGHT BLUE,MEN,SQUAT,SQUAT,16 kg,,,3
7,ORANGE,MEN,SQUAT,SQUAT,16 kg,,,5
8,BRIGHT PINK,MEN,SQUAT,SQUAT,20 kg,,,5
9,BRIGHT GREEN,MEN,SQUAT,SQUAT,24 kg,,,3
10,PURPLE,MEN,SQUAT,SQUAT,24 kg,,,5
11,GOLD,MEN,SQUAT,SQUAT,28 kg,,,5
12,PINK,MEN,SQUAT,SQUAT,32 kg,,,3
13,EGGSHELL,MEN,SQUAT,SQUAT,32 kg,,,5
14,MAROON,MEN,SQUAT,SQUAT,36 kg,,,3
15,GREY,MEN,SQUAT,SQUAT,40 kg,,,3
16,BROWN,MEN,SQUAT,SQUAT,40 kg,,,5
17,SILVER,MEN,SQUAT,SQUAT,44 kg,,,3
18,BURNT ORANGE,MEN,SQUAT,SQUAT,44 kg,,,5
19,LIGHT PURPLE,MEN,SQUAT,SQUAT,48 kg,,,3
20,BLACK,MEN,SQUAT,SQUAT,48 kg,,,5
